{
  "stain_vectors": [
    [
      0.5254523642688648,
      0.04766912610992379
    ],
    [
      0.7644348536106522,
      0.836990781172334
    ],
    [
      0.37354941770737765,
      0.5451367595828064
    ]
  ],
  "max_sat": [
    [
      2.952460603729718
    ],
    [
      1.1594035741156783
    ]
  ]
}